Workbook
Name Slicer_Brand: #N/A
Name Slicer_Package: #N/A
Name Slicer_Product_Attributes: #N/A
Name Slicer_Size: #N/A

Sheet Source
F1: Value (in 1000 $) | I1: Volume (in 1000)
F2: 2022 | G2: 2023 | H2: YTD 24 | I2: 2022 | J2: 2023 | K2: YTD 24
A3: FreshClean | B3: BRAND | C3: PACKAGE TYPE | D3: PROTECTION / CARE | E3: PACKAGE SIZE | F3: 31416.343 | G3: 32432.398 | H3: 17382.01 | I3: 1194607.9 | J3: 1188013.2 | K3: 600950.98
A4: Nova Garbagnate | B4: MANUFACTURER | F4: 1.935 | G4: 0.624 | I4: 24.8229 | J4: 9.4086
A5: BABY 2000 (Nova Garbagnate) | B5: BRAND | F5: 1.935 | G5: 0.624 | I5: 24.8229 | J5: 9.4086
A6: BABY2000 CAMOMILLA W 20 BAG ABA SRL | B6: ITEM | C6: BAGS | D6: WITHOUT EXTRA PROTECTCARE INDICATION | E6: 20 | F6: 1.935 | G6: 0.624 | I6: 24.8229 | J6: 9.4086
A7: BeneCare | B7: MANUFACTURER | F7: 0.0109 | I7: 0.16
A8: BAMBO (BeneCare) | B8: BRAND | F8: 0.0109 | I8: 0.16
A9: BAMBO NATURE W 10 BAG | B9: ITEM | C9: BAGS | D9: WITHOUT EXTRA PROTECTCARE INDICATION | E9: 10
A10: BAMBO NATURE W 50 BAG | B10: ITEM | C10: BAGS | D10: WITHOUT EXTRA PROTECTCARE INDICATION | E10: 50
A11: BAMBO NATURE 0%PERFUME W 80 BAG | B11: ITEM | C11: BAGS | D11: WITHOUT EXTRA PROTECTCARE INDICATION | E11: 80
A12: BAMBO NATURE W 80 BAG KAPAK | B12: ITEM | C12: BAGS | D12: WITHOUT EXTRA PROTECTCARE INDICATION | E12: 80 | F12: 0.0109 | I12: 0.16
A13: VigaLife | B13: MANUFACTURER | F13: 3341.5013 | G13: 3428.0437 | H13: 1852.1969 | I13: 125970.25 | J13: 127615.61 | K13: 64977.618
A14: BABY CREMA (VigaLife) | B14: BRAND | F14: 3341.5013 | G14: 3428.0437 | H14: 1852.1969 | I14: 125970.25 | J14: 127615.61 | K14: 64977.618
A15: BABY CREMA PLAY TIME CAMOMILE W 100 PINK | B15: ITEM | C15: BAGS | D15: PH BALANCED | E15: 100 | F15: 81.4674 | G15: 92.903 | H15: 52.5119 | I15: 2980.7043 | J15: 3415.3554 | K15: 1823.0734
A16: BABYCREMA PLAYTIME CAMOMILE W 100 ORANGE | B16: ITEM | C16: BAGS | D16: PH BALANCED | E16: 100 | F16: 165.228 | G16: 172.6843 | H16: 91.1357 | I16: 5930.9056 | J16: 6183.6273 | K16: 3125.7987
A17: BABY CREMA CAMOMIL W 120 BAG KAPAK | B17: ITEM | C17: BAGS | D17: PH BALANCED | E17: 120 | F17: 842.8724 | G17: 745.3358 | H17: 366.9589 | I17: 38888.54 | J17: 31985 | K17: 14135.173
A18: BABY CREMA ALOE 15 BAG | B18: ITEM | C18: BAGS | D18: WITHOUT EXTRA PROTECTCARE INDICATION | E18: 15 | F18: 12.7748 | G18: 10.866 | H18: 6.7743 | I18: 151.2668 | J18: 127.1868 | K18: 77.4594
A19: BABY CREMA CAMOMIL W 15 BAG | B19: ITEM | C19: BAGS | D19: WITHOUT EXTRA PROTECTCARE INDICATION | E19: 15 | F19: 20.0553 | G19: 17.8361 | H19: 11.1871 | I19: 231.0878 | J19: 217.7118 | K19: 141.008
A20: BABY CREMA PH5.5 W 3X15/1FR BAG &&& | B20: ITEM | C20: BAGS | D20: PH BALANCED | E20: 15 | F20: 1.2461 | G20: 7.7651 | H20: 2.2378 | I20: 20.9609 | J20: 127.6666 | K20: 33.571
A21: BABY CREMA WATER 99% W 15 BAG | B21: ITEM | C21: BAGS | D21: ALCOHOL FREE | E21: 15 | F21: 9.6472 | G21: 10.7577 | H21: 7.0723 | I21: 112.2061 | J21: 131.0528 | K21: 85.7198
A22: BABY CREMA CAMOMIL W 40 BAG | B22: ITEM | C22: BAGS | D22: WITHOUT EXTRA PROTECTCARE INDICATION | E22: 40 | F22: 0.1235 | I22: 2.28
A23: BABY CREMA COTTON&PANTENOL W 4X56 BAG | B23: ITEM | C23: BAGS | D23: PH BALANCED | E23: 56 | H23: 7.1128 | K23: 247.099
A24: BABY CREMA COTTON&PANTENOL W 56 BAG | B24: ITEM | C24: BAGS | D24: PH BALANCED | E24: 56 | F24: 0.1831 | G24: 0.1116 | H24: 0.387 | I24: 5.8885 | J24: 3.791 | K24: 14.3827
A25: BABY CREMA ALOE 64 BAG | B25: ITEM | C25: BAGS | D25: WITHOUT EXTRA PROTECTCARE INDICATION | E25: 64 | F25: 1.8939 | H25: 0.2252 | I25: 49.9726 | K25: 6.9501
A26: BABY CREMA CAMOMIL W 64 BAG | B26: ITEM | C26: BAGS | D26: WITHOUT EXTRA PROTECTCARE INDICATION | E26: 64 | F26: 1.3515 | G26: 0.0017 | I26: 37.3226 | J26: 0.064
A27: BABY CREMA PLAY TIME CAMOMIL W 64 BAG | B27: ITEM | C27: BAGS | D27: PH BALANCED | E27: 64 | F27: 5.8978 | G27: 0.1087 | I27: 169.5808 | J27: 3.3823
A28: BABYCREMA CAMOMIL W 4X64 BAG SUPERTSENA | B28: ITEM | C28: BAGS | D28: ALCOHOL FREE | E28: 64 | F28: 0.6967 | G28: 28.3929 | H28: 2.1978 | I28: 25.6063 | J28: 1226.3662 | K28: 96.4388
A29: BABY CREMA ALOE&ALMOND OIL W 72 BAG | B29: ITEM | C29: BAGS | D29: WITHOUT EXTRA PROTECTCARE INDICATION | E29: 72 | F29: 117.6534 | G29: 68.1177 | H29: 28.3499 | I29: 3055.9406 | J29: 1781.8513 | K29: 711.0772
A30: BABY CREMA CAMOMIL&ALMOND W 72 BAG | B30: ITEM | C30: BAGS | D30: WITHOUT EXTRA PROTECTCARE INDICATION | E30: 72 | F30: 38.6778 | G30: 31.4983 | H30: 9.7551 | I30: 954.1122 | J30: 803.2852 | K30: 236.1983
A31: BABY CREMA COTTON W 2X72BAG50%OT TS.VTOR | B31: ITEM | C31: BAGS | D31: PH BALANCED | E31: 72 | F31: 0.0612 | I31: 1.6046
A32: BABY CREMA COTTON&PANTENOL W 72 BAG | B32: ITEM | C32: BAGS | D32: PH BALANCED | E32: 72 | F32: 36.5218 | G32: 5.1192 | H32: 1.1213 | I32: 1199.5277 | J32: 135.3687 | K32: 30.5544
A33: BABY CREMA NEVEN PH5.5 W 72 BAG | B33: ITEM | C33: BAGS | D33: PH BALANCED | E33: 72 | F33: 21.9583 | G33: 39.4671 | H33: 10.7844 | I33: 726.314 | J33: 1508.4714 | K33: 314.5264
A34: BABY CREMA SMRADLIKA PH5.5 W 72 BAG | B34: ITEM | C34: BAGS | D34: PH BALANCED | E34: 72 | F34: 27.9836 | G34: 162.4105 | H34: 103.168 | I34: 928.8153 | J34: 5484.9445 | K34: 3446.0195
A35: BABY CREMA WATER 99% W 72 BAG | B35: ITEM | C35: BAGS | D35: WITHOUT EXTRA PROTECTCARE INDICATION | E35: 72 | F35: 221.1702 | G35: 159.9896 | H35: 77.8656 | I35: 6715.8593 | J35: 4333.2688 | K35: 2035.5381
A36: BABYCREMA CAMOMILE W 2X72BAG50%OTTS.VTOR | B36: ITEM | C36: BAGS | D36: PH BALANCED | E36: 72 | F36: 6.4487 | G36: 1.6864 | I36: 194.6519 | J36: 50.7003
A37: BABYCREMA COTTON&PANTENOL W 3X72/1FR BAG | B37: ITEM | C37: BAGS | D37: PH BALANCED | E37: 72
A38: BABYCREMA PLAYTIME CAMOMIL W 72 BAG KAPA | B38: ITEM | C38: BAGS | D38: PH BALANCED | E38: 72 | F38: 1663.8369 | G38: 1815.6597 | H38: 1049.2486 | I38: 62012.673 | J38: 68679.966 | K38: 37856.882
A39: BABY CREMA ALOE W 80 BAG | B39: ITEM | C39: BAGS | D39: WITHOUT EXTRA PROTECTCARE INDICATION | E39: 80 | F39: 1.7698 | G39: 0.3617 | H39: 0.2081 | I39: 50.2205 | J39: 12.0681 | K39: 5.4643
A40: BABY CREMA CAMOMIL W 80 BAG | B40: ITEM | C40: BAGS | D40: WITHOUT EXTRA PROTECTCARE INDICATION | E40: 80 | F40: 61.9819 | G40: 56.9702 | H40: 23.8948 | I40: 1524.2099 | J40: 1404.4859 | K40: 554.6842
A41: Intelligent Initiative | B41: MANUFACTURER | F41: 511.7809 | G41: 507.3048 | H41: 295.7138 | I41: 23199.702 | J41: 21680.539 | K41: 11434.484
A42: LINDY (Intelligent Initiative) | B42: BRAND | F42: 511.7809 | G42: 507.3048 | H42: 295.7138 | I42: 23199.702 | J42: 21680.539 | K42: 11434.484
A43: LINDY VITAMIN E PH5.5 W 120 BAG | B43: ITEM | C43: BAGS | D43: PH BALANCED | E43: 120 | F43: 78.228 | G43: 99.0305 | H43: 56.6741 | I43: 4816.5708 | J43: 5822.6244 | K43: 2923.4183
A44: LINDY ALOE VERA&VIT E W 64 BAG | B44: ITEM | C44: BAGS | D44: WITHOUT EXTRA PROTECTCARE INDICATION | E44: 64 | F44: 11.11 | G44: 8.9544 | H44: 2.2329 | I44: 523.1682 | J44: 387.3223 | K44: 84.4284
A45: LINDY ALOE VERA&VIT E W 64 BAG KAPAK | B45: ITEM | C45: BAGS | D45: WITHOUT EXTRA PROTECTCARE INDICATION | E45: 64 | F45: 79.953 | G45: 73.7571 | H45: 40.3623 | I45: 3388.3482 | J45: 2840.8843 | K45: 1387.0689
A46: LINDY CAMOMILE W 64 BAG | B46: ITEM | C46: BAGS | D46: WITHOUT EXTRA PROTECTCARE INDICATION | E46: 64 | F46: 12.195 | G46: 8.5598 | H46: 1.6517 | I46: 553.0388 | J46: 369.8305 | K46: 64.1001
A47: LINDY CAMOMILE W 64 BAG KAPAK | B47: ITEM | C47: BAGS | D47: WITHOUT EXTRA PROTECTCARE INDICATION | E47: 64 | F47: 60.5108 | G47: 52.406 | H47: 30.1228 | I47: 2540.1292 | J47: 2011.4869 | K47: 1066.0352
A48: LINDY CREAM W 64 BAG KAPAK | B48: ITEM | C48: BAGS | D48: WITHOUT EXTRA PROTECTCARE INDICATION | E48: 64 | F48: 47.8005 | G48: 51.1991 | H48: 29.6906 | I48: 1970.2178 | J48: 1924.2328 | K48: 1027.8572
A49: LINDY CREAM&VIT.E PH5.5 W 64 BAG | B49: ITEM | C49: BAGS | D49: PH BALANCED | E49: 64 | G49: 3.2536 | H49: 4.3144 | J49: 139.3498 | K49: 169.8469
A50: LINDY OLIVE OIL EXTR. PH5.5 W 64 BAG | B50: ITEM | C50: BAGS | D50: PH BALANCED | E50: 64 | F50: 5.5922 | G50: 5.3672 | H50: 2.5727 | I50: 261.0479 | J50: 232.436 | K50: 93.9955
A51: LINDY OLIVE OIL EXTR. W 64 BAG KAPAK | B51: ITEM | C51: BAGS | D51: PH BALANCED | E51: 64 | F51: 53.4907 | G51: 44.7837 | H51: 26.4409 | I51: 2262.5698 | J51: 1667.4681 | K51: 920.8814
A52: LINDY SENSITIVE COTTON PH5.5 W 64 BAG | B52: ITEM | C52: BAGS | D52: SENSITIVE | E52: 64 | F52: 8.271 | G52: 9.931 | H52: 1.1805 | I52: 392.0086 | J52: 426.1969 | K52: 46.2808
A53: LINDY SENSITIVE W 64 BAG KAPAK | B53: ITEM | C53: BAGS | D53: SENSITIVE | E53: 64 | F53: 70.5623 | G53: 56.7856 | H53: 30.7966 | I53: 2842.322 | J53: 2121.0371 | K53: 1067.8224
A54: LINDY WHITE TEA&VIT E W 64 BAG | B54: ITEM | C54: BAGS | D54: PH BALANCED | E54: 64 | F54: 34.4959 | G54: 35.3334 | H54: 28.0782 | I54: 1446.3839 | J54: 1359.9783 | K54: 967.9162
A55: LINDY PREMIUM LAVENDER W 90 BAG KAPAK | B55: ITEM | C55: BAGS | D55: ALCOHOL FREE | E55: 90 | F55: 49.5715 | G55: 57.9432 | H55: 41.5958 | I55: 2203.897 | J55: 2377.6915 | K55: 1614.8327
A56: BroadLeaf Group | B56: MANUFACTURER | G56: 4.4635 | H56: 5.901 | J56: 231.3342 | K56: 348.1982
A57: LUBA (BroadLeaf Group) | B57: BRAND | G57: 4.4635 | H57: 5.901 | J57: 231.3342 | K57: 348.1982
A58: LUBA BABY B5&VIT E PH5.5W 120 BAG | B58: ITEM | C58: BAGS | D58: PH BALANCED | E58: 120 | H58: 5.7117 | K58: 338.463
A59: LUBA BABY B5&VIT E PH5.5 90 W BAG | B59: ITEM | C59: BAGS | D59: PH BALANCED | E59: 90 | G59: 4.4635 | H59: 0.1893 | J59: 231.3342 | K59: 9.7352
A60: ArborChemistry | B60: MANUFACTURER | F60: 0.7052 | I60: 47.3253
A61: HUGGLO (ArborChemistry) | B61: BRAND | F61: 0.7052 | I61: 47.3253
A62: HUGGLO BABY PH5.5 W 120 BAG KAPAK | B62: ITEM | C62: BAGS | D62: PH BALANCED | E62: 120 | F62: 0.7052 | I62: 47.3253
A63: ArkPapers | B63: MANUFACTURER | F63: 104.6663 | G63: 94.4256 | H63: 45.9485 | I63: 5728.6422 | J63: 5002.3734 | K63: 2228.919
A64: PAPILION (ArkPapers) | B64: BRAND | F64: 104.6663 | G64: 94.4256 | H64: 45.9485 | I64: 5728.6422 | J64: 5002.3734 | K64: 2228.919
A65: PAPILION BABY ALOE VERA W 100 BAG KAPAK | B65: ITEM | C65: BAGS | D65: PH BALANCED | E65: 100 | F65: 0.7628 | G65: 0.2367 | H65: 0.1135 | I65: 43.0746 | J65: 13.9861 | K65: 6.5489
A66: PAPILION BABY SENSITIVE W 100 BAG KAPAK | B66: ITEM | C66: BAGS | D66: SENSITIVE | E66: 100 | F66: 14.3467 | G66: 14.9893 | H66: 7.9457 | I66: 749.4396 | J66: 788.7151 | K66: 388.8525
A67: PAPILION BABY WET CHAMOMILE W 100 BAG | B67: ITEM | C67: BAGS | D67: WITHOUT EXTRA PROTECTCARE INDICATION | E67: 100 | F67: 9.9742 | G67: 17.7676 | H67: 9.7081 | I67: 530.9449 | J67: 921.2545 | K67: 442.9018
A68: PAPILION BABY WET GREEN APPLE W 100 BAG | B68: ITEM | C68: BAGS | D68: WITHOUT EXTRA PROTECTCARE INDICATION | E68: 100 | F68: 15.1808 | G68: 9.7045 | H68: 2.651 | I68: 814.5573 | J68: 531.5391 | K68: 144.9815
A69: PAPILION BABYWET CHARM.LAVENDER W 100BAG | B69: ITEM | C69: BAGS | D69: PH BALANCED | E69: 100 | F69: 18.2471 | G69: 19.9031 | H69: 8.7614 | I69: 989.3898 | J69: 1044.1582 | K69: 387.4421
A70: PAPILION BABYWET CHARMINGROSE W 100 BAG | B70: ITEM | C70: BAGS | D70: PH BALANCED | E70: 100 | F70: 13.7898 | G70: 10.6778 | H70: 5.2233 | I70: 726.8636 | J70: 563.2845 | K70: 268.46
A71: PAPILION BABYWET GRAPEFRUIT&LIME W 100BA | B71: ITEM | C71: BAGS | D71: WITHOUT EXTRA PROTECTCARE INDICATION | E71: 100
A72: PAPILION JUMBO WET PH5.5 W 120 BAG KAPAK | B72: ITEM | C72: BAGS | D72: PH BALANCED | E72: 120 | F72: 29.5908 | G72: 20.8453 | H72: 11.4494 | I72: 1741.4848 | J72: 1127.5656 | K72: 585.9611
A73: PAPILION BABY WET SENSITIVE W 72 BAG | B73: ITEM | C73: BAGS | D73: SENSITIVE | E73: 72 | F73: 0.7284 | I73: 51.0182
A74: PAPILION YELLOW LILY W 90 BAG KAPAK | B74: ITEM | C74: BAGS | D74: ALCOHOL FREE | E74: 90 | F74: 2.0455 | G74: 0.3007 | H74: 0.096 | I74: 81.8696 | J74: 11.8701 | K74: 3.7712
A75: Arkana PaperCraft | B75: MANUFACTURER | F75: 1.5391 | G75: 2.0581 | H75: 0.6822 | I75: 71.3574 | J75: 96.8429 | K75: 27.7109
A76: HONEY BEBISH (Arkana PaperCraft) | B76: BRAND
A77: HONEY BEBISH WITH CREAM W 102 BAG KAPAK | B77: ITEM | C77: BAGS | D77: WITHOUT EXTRA PROTECTCARE INDICATION | E77: 102
A78: PINE (Arkana PaperCraft) | B78: BRAND | F78: 1.5391 | G78: 2.0581 | H78: 0.6822 | I78: 71.3574 | J78: 96.8429 | K78: 27.7109
A79: PINE ALOE VERA KREMALI W 120 BAG KAPAK | B79: ITEM | C79: BAGS | D79: WITHOUT EXTRA PROTECTCARE INDICATION | E79: 120 | F79: 1.0717 | G79: 1.6845 | H79: 0.2092 | I79: 53.4282 | J79: 83.4014 | K79: 9.5613
A80: PINE ALOE VERA KREMALI W 72 BAG KAPAK | B80: ITEM | C80: BAGS | D80: WITHOUT EXTRA PROTECTCARE INDICATION | E80: 72 | F80: 0.4676 | G80: 0.3734 | H80: 0.4729 | I80: 17.9292 | J80: 13.4417 | K80: 18.1497
A81: Fragrantium S.A. | B81: MANUFACTURER | F81: 0.0445 | G81: 0.062 | I81: 0.3676 | J81: 0.4838
A82: TROMPY (Fragrantium S.A.) | B82: BRAND | F82: 0.0445 | G82: 0.062 | I82: 0.3676 | J82: 0.4838
A83: TROMPY 20 BAG | B83: ITEM | C83: BAGS | D83: WITHOUT EXTRA PROTECTCARE INDICATION | E83: 20 | F83: 0.0445 | G83: 0.062 | I83: 0.3676 | J83: 0.4838
A84: ArsenicChem | B84: MANUFACTURER | F84: 11.9632 | G84: 18.1362 | H84: 9.0267 | I84: 603.2763 | J84: 937.4519 | K84: 454.7743
A85: HAPPY FRESH (ArsenicChem) | B85: BRAND | F85: 3.3401 | G85: 5.1974 | H85: 3.7095 | I85: 168.6598 | J85: 278.6264 | K85: 222.0746
A86: HAPPY FRESH BABY CREAM W 72 BAG | B86: ITEM | C86: BAGS | D86: PH BALANCED | E86: 72
A87: HAPPY FRESH BABY W 72 BAG KAPAK | B87: ITEM | C87: BAGS | D87: WITHOUT EXTRA PROTECTCARE INDICATION | E87: 72 | F87: 3.3401 | G87: 5.1974 | H87: 3.7095 | I87: 168.6598 | J87: 278.6264 | K87: 222.0746
A88: ULTRA COMPACT (ArsenicChem) | B88: BRAND | F88: 8.6231 | G88: 12.9388 | H88: 5.3172 | I88: 434.6166 | J88: 658.8255 | K88: 232.6998
A89: ULTRA COMPACT ANGELS ALC.FREE W 120 BAG | B89: ITEM | C89: BAGS | D89: ALCOHOL FREE | E89: 120 | F89: 1.2582 | G89: 4.4391 | H89: 0.7091 | I89: 67.5266 | J89: 226.1565 | K89: 33.7591
A90: ULTRA COMPACT MOMO CREAMY W 120 BAG | B90: ITEM | C90: BAGS | D90: ALCOHOL FREE | E90: 120 | F90: 4.5986 | G90: 6.1303 | H90: 2.8556 | I90: 228.6993 | J90: 310.5137 | K90: 123.6022
A91: ULTRA COMPACT ANGELS ALC.FREE W 72 BAG | B91: ITEM | C91: BAGS | D91: ALCOHOL FREE | E91: 72 | F91: 0.9464 | G91: 1.6005 | H91: 1.0179 | I91: 54.8685 | J91: 87.0275 | K91: 38.0804
A92: ULTRACOMPACT BABY PH5.5 ALC.FREE W 72 BA | B92: ITEM | C92: BAGS | D92: PH BALANCED | E92: 72 | F92: 1.8199 | G92: 0.7691 | H92: 0.7348 | I92: 83.5223 | J92: 35.1275 | K92: 37.2582
A93: Creativa Worldwide | B93: MANUFACTURER | G93: 13.1921 | H93: 52.8111 | J93: 565.5391 | K93: 2091.2261
A94: KANZ ( Creativa Worldwide) | B94: BRAND | G94: 13.1921 | H94: 52.8111 | J94: 565.5391 | K94: 2091.2261
A95: KANZ NATURAL SENS.SKIN ALC.FREE W120 BAG | B95: ITEM | C95: BAGS | D95: ALCOHOL FREE | E95: 120 | G95: 10.5616 | H95: 42.6479 | J95: 483.3957 | K95: 1689.356
A96: KANZ EXTRA SOFT ALC.FREE W 50 BAG | B96: ITEM | C96: BAGS | D96: ALCOHOL FREE | E96: 50 | G96: 2.0856 | H96: 2.5316 | J96: 61.2627 | K96: 71.1653
A97: KANZ ULTRA SOFT ALC.FREE W 72 BAG | B97: ITEM | C97: BAGS | D97: ALCOHOL FREE | E97: 72 | G97: 0.5448 | H97: 7.6316 | J97: 20.8807 | K97: 330.7048
A98: CultureSana | B98: MANUFACTURER | F98: 3.1665 | G98: 2.1888 | H98: 0.4629 | I98: 65.2032 | J98: 50.3704 | K98: 10.1666
A99: CHICCO (CultureSana) | B99: BRAND | F99: 3.1665 | G99: 2.1888 | H99: 0.4629 | I99: 65.2032 | J99: 50.3704 | K99: 10.1666
A100: CHICCO SALVIETTINE SENSITIVE W 60 BAG | B100: ITEM | C100: BAGS | D100: SENSITIVE | E100: 60 | G100: 1.5012 | H100: 0.1831 | J100: 36.1945 | K100: 4.9928
...

Sheet Structured Source
B1: Product Description | C1: Manufacturer | D1: Brand | E1: Package | F1: Product Attributes | G1: Size | H1: 2022 Value | I1: 2023 Value | J1: YTD 24 Value | K1: 2022 Volume | L1: 2023 Volume | M1: YTD 24 Volume
B2: BABY2000 CAMOMILLA W 20 BAG ABA SRL | C2: Nova Garbagnate | D2: BABY2000 | E2: BAGS | F2: WITHOUT EXTRA PROTECTCARE INDICATION | G2: 20 | H2: 1.935 | I2: 0.624 | K2: 24.8229 | L2: 9.4086
B3: BAMBO NATURE W 80 BAG KAPAK | C3: BeneCare | D3: BAMBO NATURE | E3: BAGS | F3: WITHOUT EXTRA PROTECTCARE INDICATION | G3: 80 | H3: 0.0109 | K3: 0.16
B4: BABY CREMA PLAY TIME CAMOMILE W 100 PINK | C4: VigaLife | D4: BABY CREMA | E4: BAGS | F4: PH BALANCED | G4: 100 | H4: 81.4674 | I4: 92.903 | J4: 52.5119 | K4: 2980.7043 | L4: 3415.3554 | M4: 1823.0734
B5: BABYCREMA PLAYTIME CAMOMILE W 100 ORANGE | C5: VigaLife | D5: BABY CREMA | E5: BAGS | F5: PH BALANCED | G5: 100 | H5: 165.228 | I5: 172.6843 | J5: 91.1357 | K5: 5930.9056 | L5: 6183.6273 | M5: 3125.7987
B6: BABY CREMA CAMOMIL W 120 BAG KAPAK | C6: VigaLife | D6: BABY CREMA | E6: BAGS | F6: PH BALANCED | G6: 120 | H6: 842.8724 | I6: 745.3358 | J6: 366.9589 | K6: 38888.54 | L6: 31985 | M6: 14135.173
B7: BABY CREMA ALOE 15 BAG | C7: VigaLife | D7: BABY CREMA | E7: BAGS | F7: WITHOUT EXTRA PROTECTCARE INDICATION | G7: 15 | H7: 12.7748 | I7: 10.866 | J7: 6.7743 | K7: 151.2668 | L7: 127.1868 | M7: 77.4594
B8: BABY CREMA CAMOMIL W 15 BAG | C8: VigaLife | D8: BABY CREMA | E8: BAGS | F8: WITHOUT EXTRA PROTECTCARE INDICATION | G8: 15 | H8: 20.0553 | I8: 17.8361 | J8: 11.1871 | K8: 231.0878 | L8: 217.7118 | M8: 141.008
B9: BABY CREMA PH5.5 W 3X15/1FR BAG &&& | C9: VigaLife | D9: BABY CREMA | E9: BAGS | F9: PH BALANCED | G9: 15 | H9: 1.2461 | I9: 7.7651 | J9: 2.2378 | K9: 20.9609 | L9: 127.6666 | M9: 33.571
B10: BABY CREMA WATER 99% W 15 BAG | C10: VigaLife | D10: BABY CREMA | E10: BAGS | F10: ALCOHOL FREE | G10: 15 | H10: 9.6472 | I10: 10.7577 | J10: 7.0723 | K10: 112.2061 | L10: 131.0528 | M10: 85.7198
B11: BABY CREMA CAMOMIL W 40 BAG | C11: VigaLife | D11: BABY CREMA | E11: BAGS | F11: WITHOUT EXTRA PROTECTCARE INDICATION | G11: 40 | H11: 0.1235 | K11: 2.28
B12: BABY CREMA COTTON&PANTENOL W 4X56 BAG | C12: VigaLife | D12: BABY CREMA | E12: BAGS | F12: PH BALANCED | G12: 56 | J12: 7.1128 | M12: 247.099
B13: BABY CREMA COTTON&PANTENOL W 56 BAG | C13: VigaLife | D13: BABY CREMA | E13: BAGS | F13: PH BALANCED | G13: 56 | H13: 0.1831 | I13: 0.1116 | J13: 0.387 | K13: 5.8885 | L13: 3.791 | M13: 14.3827
B14: BABY CREMA ALOE 64 BAG | C14: VigaLife | D14: BABY CREMA | E14: BAGS | F14: WITHOUT EXTRA PROTECTCARE INDICATION | G14: 64 | H14: 1.8939 | J14: 0.2252 | K14: 49.9726 | M14: 6.9501
B15: BABY CREMA CAMOMIL W 64 BAG | C15: VigaLife | D15: BABY CREMA | E15: BAGS | F15: WITHOUT EXTRA PROTECTCARE INDICATION | G15: 64 | H15: 1.3515 | I15: 0.0017 | K15: 37.3226 | L15: 0.064
B16: BABY CREMA PLAY TIME CAMOMIL W 64 BAG | C16: VigaLife | D16: BABY CREMA | E16: BAGS | F16: PH BALANCED | G16: 64 | H16: 5.8978 | I16: 0.1087 | K16: 169.5808 | L16: 3.3823
B17: BABYCREMA CAMOMIL W 4X64 BAG SUPERTSENA | C17: VigaLife | D17: BABY CREMA | E17: BAGS | F17: ALCOHOL FREE | G17: 64 | H17: 0.6967 | I17: 28.3929 | J17: 2.1978 | K17: 25.6063 | L17: 1226.3662 | M17: 96.4388
B18: BABY CREMA ALOE&ALMOND OIL W 72 BAG | C18: VigaLife | D18: BABY CREMA | E18: BAGS | F18: WITHOUT EXTRA PROTECTCARE INDICATION | G18: 72 | H18: 117.6534 | I18: 68.1177 | J18: 28.3499 | K18: 3055.9406 | L18: 1781.8513 | M18: 711.0772
B19: BABY CREMA CAMOMIL&ALMOND W 72 BAG | C19: VigaLife | D19: BABY CREMA | E19: BAGS | F19: WITHOUT EXTRA PROTECTCARE INDICATION | G19: 72 | H19: 38.6778 | I19: 31.4983 | J19: 9.7551 | K19: 954.1122 | L19: 803.2852 | M19: 236.1983
B20: BABY CREMA COTTON W 2X72BAG50%OT TS.VTOR | C20: VigaLife | D20: BABY CREMA | E20: BAGS | F20: PH BALANCED | G20: 72 | H20: 0.0612 | K20: 1.6046
B21: BABY CREMA COTTON&PANTENOL W 72 BAG | C21: VigaLife | D21: BABY CREMA | E21: BAGS | F21: PH BALANCED | G21: 72 | H21: 36.5218 | I21: 5.1192 | J21: 1.1213 | K21: 1199.5277 | L21: 135.3687 | M21: 30.5544
B22: BABY CREMA NEVEN PH5.5 W 72 BAG | C22: VigaLife | D22: BABY CREMA | E22: BAGS | F22: PH BALANCED | G22: 72 | H22: 21.9583 | I22: 39.4671 | J22: 10.7844 | K22: 726.314 | L22: 1508.4714 | M22: 314.5264
B23: BABY CREMA SMRADLIKA PH5.5 W 72 BAG | C23: VigaLife | D23: BABY CREMA | E23: BAGS | F23: PH BALANCED | G23: 72 | H23: 27.9836 | I23: 162.4105 | J23: 103.168 | K23: 928.8153 | L23: 5484.9445 | M23: 3446.0195
B24: BABY CREMA WATER 99% W 72 BAG | C24: VigaLife | D24: BABY CREMA | E24: BAGS | F24: WITHOUT EXTRA PROTECTCARE INDICATION | G24: 72 | H24: 221.1702 | I24: 159.9896 | J24: 77.8656 | K24: 6715.8593 | L24: 4333.2688 | M24: 2035.5381
B25: BABYCREMA CAMOMILE W 2X72BAG50%OTTS.VTOR | C25: VigaLife | D25: BABY CREMA | E25: BAGS | F25: PH BALANCED | G25: 72 | H25: 6.4487 | I25: 1.6864 | K25: 194.6519 | L25: 50.7003
B26: BABYCREMA PLAYTIME CAMOMIL W 72 BAG KAPA | C26: VigaLife | D26: BABY CREMA | E26: BAGS | F26: PH BALANCED | G26: 72 | H26: 1663.8369 | I26: 1815.6597 | J26: 1049.2486 | K26: 62012.673 | L26: 68679.966 | M26: 37856.882
B27: BABY CREMA ALOE W 80 BAG | C27: VigaLife | D27: BABY CREMA | E27: BAGS | F27: WITHOUT EXTRA PROTECTCARE INDICATION | G27: 80 | H27: 1.7698 | I27: 0.3617 | J27: 0.2081 | K27: 50.2205 | L27: 12.0681 | M27: 5.4643
B28: BABY CREMA CAMOMIL W 80 BAG | C28: VigaLife | D28: BABY CREMA | E28: BAGS | F28: WITHOUT EXTRA PROTECTCARE INDICATION | G28: 80 | H28: 61.9819 | I28: 56.9702 | J28: 23.8948 | K28: 1524.2099 | L28: 1404.4859 | M28: 554.6842
B29: LINDY VITAMIN E PH5.5 W 120 BAG | C29: Intelligent Initiative | D29: LINDY | E29: BAGS | F29: PH BALANCED | G29: 120 | H29: 78.228 | I29: 99.0305 | J29: 56.6741 | K29: 4816.5708 | L29: 5822.6244 | M29: 2923.4183
B30: LINDY ALOE VERA&VIT E W 64 BAG | C30: Intelligent Initiative | D30: LINDY | E30: BAGS | F30: WITHOUT EXTRA PROTECTCARE INDICATION | G30: 64 | H30: 11.11 | I30: 8.9544 | J30: 2.2329 | K30: 523.1682 | L30: 387.3223 | M30: 84.4284
B31: LINDY ALOE VERA&VIT E W 64 BAG KAPAK | C31: Intelligent Initiative | D31: LINDY | E31: BAGS | F31: WITHOUT EXTRA PROTECTCARE INDICATION | G31: 64 | H31: 79.953 | I31: 73.7571 | J31: 40.3623 | K31: 3388.3482 | L31: 2840.8843 | M31: 1387.0689
B32: LINDY CAMOMILE W 64 BAG | C32: Intelligent Initiative | D32: LINDY | E32: BAGS | F32: WITHOUT EXTRA PROTECTCARE INDICATION | G32: 64 | H32: 12.195 | I32: 8.5598 | J32: 1.6517 | K32: 553.0388 | L32: 369.8305 | M32: 64.1001
B33: LINDY CAMOMILE W 64 BAG KAPAK | C33: Intelligent Initiative | D33: LINDY | E33: BAGS | F33: WITHOUT EXTRA PROTECTCARE INDICATION | G33: 64 | H33: 60.5108 | I33: 52.406 | J33: 30.1228 | K33: 2540.1292 | L33: 2011.4869 | M33: 1066.0352
B34: LINDY CREAM W 64 BAG KAPAK | C34: Intelligent Initiative | D34: LINDY | E34: BAGS | F34: WITHOUT EXTRA PROTECTCARE INDICATION | G34: 64 | H34: 47.8005 | I34: 51.1991 | J34: 29.6906 | K34: 1970.2178 | L34: 1924.2328 | M34: 1027.8572
B35: LINDY CREAM&VIT.E PH5.5 W 64 BAG | C35: Intelligent Initiative | D35: LINDY | E35: BAGS | F35: PH BALANCED | G35: 64 | I35: 3.2536 | J35: 4.3144 | L35: 139.3498 | M35: 169.8469
B36: LINDY OLIVE OIL EXTR. PH5.5 W 64 BAG | C36: Intelligent Initiative | D36: LINDY | E36: BAGS | F36: PH BALANCED | G36: 64 | H36: 5.5922 | I36: 5.3672 | J36: 2.5727 | K36: 261.0479 | L36: 232.436 | M36: 93.9955
B37: LINDY OLIVE OIL EXTR. W 64 BAG KAPAK | C37: Intelligent Initiative | D37: LINDY | E37: BAGS | F37: PH BALANCED | G37: 64 | H37: 53.4907 | I37: 44.7837 | J37: 26.4409 | K37: 2262.5698 | L37: 1667.4681 | M37: 920.8814
B38: LINDY SENSITIVE COTTON PH5.5 W 64 BAG | C38: Intelligent Initiative | D38: LINDY | E38: BAGS | F38: SENSITIVE | G38: 64 | H38: 8.271 | I38: 9.931 | J38: 1.1805 | K38: 392.0086 | L38: 426.1969 | M38: 46.2808
B39: LINDY SENSITIVE W 64 BAG KAPAK | C39: Intelligent Initiative | D39: LINDY | E39: BAGS | F39: SENSITIVE | G39: 64 | H39: 70.5623 | I39: 56.7856 | J39: 30.7966 | K39: 2842.322 | L39: 2121.0371 | M39: 1067.8224
B40: LINDY WHITE TEA&VIT E W 64 BAG | C40: Intelligent Initiative | D40: LINDY | E40: BAGS | F40: PH BALANCED | G40: 64 | H40: 34.4959 | I40: 35.3334 | J40: 28.0782 | K40: 1446.3839 | L40: 1359.9783 | M40: 967.9162
B41: LINDY PREMIUM LAVENDER W 90 BAG KAPAK | C41: Intelligent Initiative | D41: LINDY | E41: BAGS | F41: ALCOHOL FREE | G41: 90 | H41: 49.5715 | I41: 57.9432 | J41: 41.5958 | K41: 2203.897 | L41: 2377.6915 | M41: 1614.8327
B42: LUBA BABY B5&VIT E PH5.5W 120 BAG | C42: BroadLeaf Group | D42: LUBA BABY | E42: BAGS | F42: PH BALANCED | G42: 120 | J42: 5.7117 | M42: 338.463
B43: LUBA BABY B5&VIT E PH5.5 90 W BAG | C43: BroadLeaf Group | D43: LUBA BABY | E43: BAGS | F43: PH BALANCED | G43: 90 | I43: 4.4635 | J43: 0.1893 | L43: 231.3342 | M43: 9.7352
B44: HUGGLO BABY PH5.5 W 120 BAG KAPAK | C44: ArborChemistry | D44: HUGGLO | E44: BAGS | F44: PH BALANCED | G44: 120 | H44: 0.7052 | K44: 47.3253
B45: PAPILION BABY ALOE VERA W 100 BAG KAPAK | C45: ArkPapers | D45: PAPILION | E45: BAGS | F45: PH BALANCED | G45: 100 | H45: 0.7628 | I45: 0.2367 | J45: 0.1135 | K45: 43.0746 | L45: 13.9861 | M45: 6.5489
B46: PAPILION BABY SENSITIVE W 100 BAG KAPAK | C46: ArkPapers | D46: PAPILION | E46: BAGS | F46: SENSITIVE | G46: 100 | H46: 14.3467 | I46: 14.9893 | J46: 7.9457 | K46: 749.4396 | L46: 788.7151 | M46: 388.8525
B47: PAPILION BABY WET CHAMOMILE W 100 BAG | C47: ArkPapers | D47: PAPILION | E47: BAGS | F47: WITHOUT EXTRA PROTECTCARE INDICATION | G47: 100 | H47: 9.9742 | I47: 17.7676 | J47: 9.7081 | K47: 530.9449 | L47: 921.2545 | M47: 442.9018
B48: PAPILION BABY WET GREEN APPLE W 100 BAG | C48: ArkPapers | D48: PAPILION | E48: BAGS | F48: WITHOUT EXTRA PROTECTCARE INDICATION | G48: 100 | H48: 15.1808 | I48: 9.7045 | J48: 2.651 | K48: 814.5573 | L48: 531.5391 | M48: 144.9815
B49: PAPILION BABYWET CHARM.LAVENDER W 100BAG | C49: ArkPapers | D49: PAPILION | E49: BAGS | F49: PH BALANCED | G49: 100 | H49: 18.2471 | I49: 19.9031 | J49: 8.7614 | K49: 989.3898 | L49: 1044.1582 | M49: 387.4421
B50: PAPILION BABYWET CHARMINGROSE W 100 BAG | C50: ArkPapers | D50: PAPILION | E50: BAGS | F50: PH BALANCED | G50: 100 | H50: 13.7898 | I50: 10.6778 | J50: 5.2233 | K50: 726.8636 | L50: 563.2845 | M50: 268.46
B51: PAPILION JUMBO WET PH5.5 W 120 BAG KAPAK | C51: ArkPapers | D51: PAPILION | E51: BAGS | F51: PH BALANCED | G51: 120 | H51: 29.5908 | I51: 20.8453 | J51: 11.4494 | K51: 1741.4848 | L51: 1127.5656 | M51: 585.9611
B52: PAPILION BABY WET SENSITIVE W 72 BAG | C52: ArkPapers | D52: PAPILION | E52: BAGS | F52: SENSITIVE | G52: 72 | H52: 0.7284 | K52: 51.0182
B53: PAPILION YELLOW LILY W 90 BAG KAPAK | C53: ArkPapers | D53: PAPILION | E53: BAGS | F53: ALCOHOL FREE | G53: 90 | H53: 2.0455 | I53: 0.3007 | J53: 0.096 | K53: 81.8696 | L53: 11.8701 | M53: 3.7712
B54: PINE ALOE VERA KREMALI W 120 BAG KAPAK | C54: Arkana PaperCraft | D54: PINE | E54: BAGS | F54: WITHOUT EXTRA PROTECTCARE INDICATION | G54: 120 | H54: 1.0717 | I54: 1.6845 | J54: 0.2092 | K54: 53.4282 | L54: 83.4014 | M54: 9.5613
B55: PINE ALOE VERA KREMALI W 72 BAG KAPAK | C55: Arkana PaperCraft | D55: PINE | E55: BAGS | F55: WITHOUT EXTRA PROTECTCARE INDICATION | G55: 72 | H55: 0.4676 | I55: 0.3734 | J55: 0.4729 | K55: 17.9292 | L55: 13.4417 | M55: 18.1497
B56: TROMPY 20 BAG | C56: Fragrantium S.A. | D56: TROMPY | E56: BAGS | F56: WITHOUT EXTRA PROTECTCARE INDICATION | G56: 20 | H56: 0.0445 | I56: 0.062 | K56: 0.3676 | L56: 0.4838
B57: HAPPY FRESH BABY W 72 BAG KAPAK | C57: ArsenicChem | D57: HAPPY FRESH | E57: BAGS | F57: WITHOUT EXTRA PROTECTCARE INDICATION | G57: 72 | H57: 3.3401 | I57: 5.1974 | J57: 3.7095 | K57: 168.6598 | L57: 278.6264 | M57: 222.0746
B58: ULTRA COMPACT ANGELS ALC.FREE W 120 BAG | C58: ArsenicChem | D58: ULTRA COMPACT | E58: BAGS | F58: ALCOHOL FREE | G58: 120 | H58: 1.2582 | I58: 4.4391 | J58: 0.7091 | K58: 67.5266 | L58: 226.1565 | M58: 33.7591
B59: ULTRA COMPACT MOMO CREAMY W 120 BAG | C59: ArsenicChem | D59: ULTRA COMPACT | E59: BAGS | F59: ALCOHOL FREE | G59: 120 | H59: 4.5986 | I59: 6.1303 | J59: 2.8556 | K59: 228.6993 | L59: 310.5137 | M59: 123.6022
B60: ULTRA COMPACT ANGELS ALC.FREE W 72 BAG | C60: ArsenicChem | D60: ULTRA COMPACT | E60: BAGS | F60: ALCOHOL FREE | G60: 72 | H60: 0.9464 | I60: 1.6005 | J60: 1.0179 | K60: 54.8685 | L60: 87.0275 | M60: 38.0804
B61: ULTRACOMPACT BABY PH5.5 ALC.FREE W 72 BA | C61: ArsenicChem | D61: ULTRA COMPACT | E61: BAGS | F61: PH BALANCED | G61: 72 | H61: 1.8199 | I61: 0.7691 | J61: 0.7348 | K61: 83.5223 | L61: 35.1275 | M61: 37.2582
B62: KANZ NATURAL SENS.SKIN ALC.FREE W120 BAG | C62: Creativa Worldwide | D62: KANZ | E62: BAGS | F62: ALCOHOL FREE | G62: 120 | I62: 10.5616 | J62: 42.6479 | L62: 483.3957 | M62: 1689.356
B63: KANZ EXTRA SOFT ALC.FREE W 50 BAG | C63: Creativa Worldwide | D63: KANZ | E63: BAGS | F63: ALCOHOL FREE | G63: 50 | I63: 2.0856 | J63: 2.5316 | L63: 61.2627 | M63: 71.1653
B64: KANZ ULTRA SOFT ALC.FREE W 72 BAG | C64: Creativa Worldwide | D64: KANZ | E64: BAGS | F64: ALCOHOL FREE | G64: 72 | I64: 0.5448 | J64: 7.6316 | L64: 20.8807 | M64: 330.7048
B65: CHICCO SALVIETTINE SENSITIVE W 60 BAG | C65: CultureSana | D65: CHICCO | E65: BAGS | F65: SENSITIVE | G65: 60 | I65: 1.5012 | J65: 0.1831 | L65: 36.1945 | M65: 4.9928
B66: CHICCO SALVIETTINE PARABENI W 72 BAG | C66: CultureSana | D66: CHICCO | E66: BAGS | F66: ALCOHOL FREE | G66: 72 | H66: 3.1665 | I66: 0.6875 | J66: 0.2799 | K66: 65.2032 | L66: 14.1759 | M66: 5.1737
B67: UNI COMFORT LOTION P H5.5 72 BAG | C67: Ataman Industries | D67: UNI | E67: BAGS | F67: PH BALANCED | G67: 72 | J67: 0.0557 | M67: 1.7426
B68: EVENT BABY CALENDULA 140 BAG KAPAK | C68: AxisOn Group | D68: EVENT BABY | E68: BAGS | F68: PH BALANCED | G68: 140 | H68: 209.2977 | I68: 236.5056 | J68: 198.2927 | K68: 7336.5479 | L68: 8103.1085 | M68: 7048.5826
B69: EVENT BABY CALENDULA 140 BAG KAPAK+WIP | C69: AxisOn Group | D69: EVENT BABY | E69: BAGS | F69: PH BALANCED | G69: 140 | H69: 0.0278 | I69: 0.0046 | K69: 1.2 | L69: 0.2
B70: EVENT BABY MOIST.CHAMOMILE 20 W BAG | C70: AxisOn Group | D70: EVENT BABY | E70: BAGS | F70: PH BALANCED | G70: 20 | H70: 27.7771 | I70: 19.7177 | J70: 14.4848 | K70: 429.9173 | L70: 309.9671 | M70: 229.3313
B71: EVENT BABY SENSIT. ALOE VERA 20 BAG | C71: AxisOn Group | D71: EVENT BABY | E71: BAGS | F71: SENSITIVE | G71: 20 | H71: 40.5156 | I71: 34.9991 | J71: 5.7746 | K71: 630.6319 | L71: 558.3674 | M71: 90.999
B72: EVENT BABY CALENDULA W 25 BAG | C72: AxisOn Group | D72: EVENT BABY | E72: BAGS | F72: PH BALANCED | G72: 25 | H72: 61.3975 | I72: 45.296 | J72: 19.3376 | K72: 1027.2618 | L72: 758.0663 | M72: 328.1835
B73: EVENT BABY CALENDULA W 25 BAG+WIP 140 | C73: AxisOn Group | D73: EVENT BABY | E73: BAGS | F73: PH BALANCED | G73: 25 | H73: 0.0103 | I73: 0.0017 | K73: 0.2143 | L73: 0.0357
B74: EVENT BABY CALENDULA HYPOALL.W 30 BAG | C74: AxisOn Group | D74: EVENT BABY | E74: BAGS | F74: HYPOALLERGENIC | G74: 30 | J74: 8.3929 | M74: 185.3712
B75: EVENT BABY HYPOAL.CALENDULA 64 W BAG | C75: AxisOn Group | D75: EVENT BABY | E75: BAGS | F75: HYPOALLERGENIC | G75: 64 | H75: 11.2281 | I75: 7.5717 | J75: 1.9255 | K75: 325.1181 | L75: 236.1233 | M75: 61.8698
B76: EVENT BABY HYPOALL.CHAMOMILE 72 W BAG | C76: AxisOn Group | D76: EVENT BABY | E76: BAGS | F76: HYPOALLERGENIC | G76: 72 | H76: 56.2686 | I76: 22.3778 | J76: 12.4355 | K76: 1799.2518 | L76: 721.9906 | M76: 385.4519
B77: EVENT BABY MOIST.CHAMOMILE 72 W BAG | C77: AxisOn Group | D77: EVENT BABY | E77: BAGS | F77: WITHOUT EXTRA PROTECTCARE INDICATION | G77: 72 | H77: 0.6416 | I77: 0.3447 | K77: 14.4639 | L77: 7.3649
B78: EVENT BABY SENSIT. ALOE VERA 72 W BAG | C78: AxisOn Group | D78: EVENT BABY | E78: BAGS | F78: SENSITIVE | G78: 72 | H78: 64.4801 | I78: 81.1825 | J78: 15.4966 | K78: 2159.5494 | L78: 2486.1275 | M78: 493.7347
B79: TEX BABY PH5.5 ALC.FREE W 100 BAG PURPLE | C79: PureAim Cleaners | D79: TEX BABY | E79: BAGS | F79: PH BALANCED | G79: 100 | J79: 0.2449 | M79: 9.7979
B80: TEX BABY PH5.5 ALC.FREE W 100 BAG YELLOW | C80: PureAim Cleaners | D80: TEX BABY | E80: BAGS | F80: PH BALANCED | G80: 100 | H80: 0.2236 | I80: 1.0136 | J80: 0.8123 | K80: 12.2155 | L80: 49.1516 | M80: 34.9195
B81: NIVEA BABY SOFT&CREME 20 BAG | C81: AlpineMeadow | D81: NIVEA BABY | E81: BAGS | F81: WITHOUT EXTRA PROTECTCARE INDICATION | G81: 20 | H81: 15.0191 | I81: 17.6168 | J81: 13.7002 | K81: 121.4559 | L81: 162.24 | M81: 126.0534
B82: NIVEA BABY TODDIES 2IN1 60 BAG | C82: AlpineMeadow | D82: NIVEA BABY | E82: BAGS | F82: WITHOUT EXTRA PROTECTCARE INDICATION | G82: 60 | H82: 19.7764 | I82: 13.7983 | J82: 7.5657 | K82: 281.9728 | L82: 222.7071 | M82: 118.9547
B83: NIVEA BABY FRESH&PURE 63 BAG | C83: AlpineMeadow | D83: NIVEA BABY | E83: BAGS | F83: WITHOUT EXTRA PROTECTCARE INDICATION | G83: 63 | H83: 41.3141 | I83: 32.4226 | J83: 18.6829 | K83: 549.6408 | L83: 416.8479 | M83: 241.3891
B84: NIVEA BABY PURE&SENSITIVE 63 W BAG | C84: AlpineMeadow | D84: NIVEA BABY | E84: BAGS | F84: ALCOHOL FREE | G84: 63 | H84: 10.5054 | I84: 0.496 | K84: 168.0601 | L84: 9.378
B85: NIVEA BABY SOFT&CREME 63 BAG | C85: AlpineMeadow | D85: NIVEA BABY | E85: BAGS | F85: WITHOUT EXTRA PROTECTCARE INDICATION | G85: 63 | H85: 26.6941 | I85: 16.9801 | J85: 8.3485 | K85: 362.3034 | L85: 234.6001 | M85: 111.9991
B86: SMILE ALOE&CAMOMILE PH5.5 60 BAG | C86: BioRealm Corp | D86: SMILE | E86: BAGS | F86: PH BALANCED | G86: 60 | H86: 0.5204 | I86: 1.6072 | J86: 0.1642 | K86: 10.5198 | L86: 34.4998 | M86: 3.1461
B87: BABYCARE WITHCREAM W 80/8FREE BAG KAPAK | C87: TradeKing Cengiz | D87: BABYCARE | E87: BAGS | F87: PH BALANCED | G87: 72 | I87: 0.0379 | J87: 0.0693 | L87: 2.3294 | M87: 4.267
B88: ClearSight BABY ALOE VERA PH5.5 W 25 BAG | C88: ClearSight | D88: CLEAR SIGHT | E88: BAGS | F88: PH BALANCED | G88: 25 | I88: 0.0086 | J88: 13.3878 | L88: 0.1964 | M88: 341.0241
B89: ClearSight BABY CALENDULA PH5.5 W 25 BAG | C89: ClearSight | D89: CLEAR SIGHT | E89: BAGS | F89: PH BALANCED | G89: 25 | I89: 4.8899 | J89: 10.6644 | L89: 145.9169 | M89: 284.6065
B90: ClearSight BABY CHAMOMILE PH5.5 W 25 BAG | C90: ClearSight | D90: CLEAR SIGHT | E90: BAGS | F90: PH BALANCED | G90: 25 | I90: 5.8545 | J90: 9.0564 | L90: 166.3858 | M90: 238.5435
B91: ClearSight BABY CHAMOMILE PH5.5 W 66 BAG | C91: ClearSight | D91: CLEAR SIGHT | E91: BAGS | F91: PH BALANCED | G91: 66 | J91: 0.9879 | M91: 34.929
B92: ClearSight BABY ALOE VERA PH5.5 W 80 BAG | C92: ClearSight | D92: CLEAR SIGHT | E92: BAGS | F92: PH BALANCED | G92: 80 | H92: 15.2672 | I92: 16.3183 | J92: 16.7841 | K92: 431.1587 | L92: 473.6733 | M92: 505.8054
B93: ClearSight BABY CALENDULA PH5.5 W 80 BAG | C93: ClearSight | D93: CLEAR SIGHT | E93: BAGS | F93: PH BALANCED | G93: 80 | H93: 9.5295 | I93: 13.3953 | J93: 18.127 | K93: 274.455 | L93: 396.7211 | M93: 559.5911
B94: ClearSight BABY CHAMOMILE PH5.5 W 80 BAG | C94: ClearSight | D94: CLEAR SIGHT | E94: BAGS | F94: PH BALANCED | G94: 80 | H94: 11.2293 | I94: 14.7631 | J94: 16.1319 | K94: 318.9381 | L94: 440.8152 | M94: 474.5857
B95: OKIDOKI FreshClean CAMOMILLA 60 BAG | C95: CodeInt B.V. | D95: OKIDOKI | E95: BAGS | F95: WITHOUT EXTRA PROTECTCARE INDICATION | G95: 60 | H95: 0.0103 | K95: 0.3876
B96: BABY WISH VITE&PROVITAMINB5 W 120 BAG | C96: ChillClean | D96: BABY WISH | E96: BAGS | F96: WITHOUT EXTRA PROTECTCARE INDICATION | G96: 120 | I96: 1.8077 | J96: 54.2507 | L96: 127.6024 | M96: 2956.24
B97: COSMI BABY ARGAN W 20 BAG | C97: Cosmopolitan Italy | D97: COSMI | E97: BAGS | F97: WITHOUT EXTRA PROTECTCARE INDICATION | G97: 20 | I97: 0.1202 | L97: 2.4086
B98: AQUELLA BABY AMUR WITH CREAM W 120 BAG | C98: CottonUnion | D98: AQUELLA | E98: BAGS | F98: PH BALANCED | G98: 120 | H98: 28.357 | I98: 20.5802 | J98: 0.7889 | K98: 1646.7402 | L98: 1088.8001 | M98: 38.9687
B99: AQUELLA BABY ULTRA SOFT CREAM W 120 BAG | C99: CottonUnion | D99: AQUELLA | E99: BAGS | F99: ALCOHOL FREE | G99: 120 | H99: 12.0033 | I99: 12.0252 | J99: 1.8045 | K99: 643.4199 | L99: 689.1837 | M99: 98.8374
B100: AQUELLA TROPIC ALC.FREE W 120 BAG | C100: CottonUnion | D100: AQUELLA | E100: BAGS | F100: ALCOHOL FREE | G100: 120 | H100: 0.116 | K100: 6.96
...

Sheet Pivot
A3: Row Labels | B3: Sum of 2022 Value | C3: Sum of 2023 Value | D3: Sum of YTD 24 Value | E3: Sum of 2022 Volume | F3: Sum of 2023 Volume | G3: Sum of YTD 24 Volume
A4: AlpineMeadow | B4: 113.3091 | C4: 81.3138 | D4: 48.2973 | E4: 1483.433 | F4: 1045.7731 | G4: 598.3963
A5: ArborChemistry | B5: 0.7052 | E5: 47.3253
A6: Arkana PaperCraft | B6: 1.5393 | C6: 2.0579 | D6: 0.6821 | E6: 71.3574 | F6: 96.8431 | G6: 27.711
A7: ArkPapers | B7: 104.6661 | C7: 94.425 | D7: 45.9484 | E7: 5728.6424 | F7: 5002.3732 | G7: 2228.9191
A8: ArsenicChem | B8: 11.9632 | C8: 18.1364 | D8: 9.0269 | E8: 603.2765 | F8: 937.4516 | G8: 454.7745
A9: Ataman Industries | D9: 0.0557 | G9: 1.7426
A10: AvellinoGroup SRL | B10: 9.1873 | E10: 430.1689
A11: AxisOn Group | B11: 471.6444 | C11: 448.0014 | D11: 276.1402 | E11: 13724.156 | F11: 13181.351 | G11: 8823.524
A12: BeneCare | B12: 0.0109 | E12: 0.16
A13: BioRealm Corp | B13: 0.5204 | C13: 1.6072 | D13: 0.1642 | E13: 10.5198 | F13: 34.4998 | G13: 3.1461
A14: BladeSon LTD | B14: 55.0964 | C14: 43.3482 | D14: 24.5302 | E14: 2000.4356 | F14: 1647.0114 | G14: 929.3516
A15: BroadLeaf Group | C15: 4.4635 | D15: 5.901 | F15: 231.3342 | G15: 348.1982
A16: BrothersFlyProducts SAN A.S. | B16: 0.3329 | C16: 0.0272 | D16: 1.4402 | E16: 16.5857 | F16: 2.2243 | G16: 35.5606
A17: CapPlus | B17: 0.0119 | E17: 0.14
A18: CelticWind Ltd | B18: 220.2778 | C18: 271.9984 | D18: 141.2388 | E18: 1748.9224 | F18: 2358.5312 | G18: 1240.7413
A19: ChillClean | C19: 1.8077 | D19: 54.2507 | F19: 127.6024 | G19: 2956.24
A20: CleanHarper | B20: 230.7483 | C20: 302.0658 | D20: 144.0024 | E20: 11792.665 | F20: 15544.818 | G20: 7126.6585
A21: ClearSight | B21: 36.026 | C21: 55.2297 | D21: 85.1395 | E21: 1024.5518 | F21: 1623.7087 | G21: 2439.0853
A22: CodeInt B.V. | B22: 0.0103 | E22: 0.3876
A23: ColorSan | B23: 65.8638 | C23: 45.3404 | D23: 13.16 | E23: 4126.7389 | F23: 2357.3103 | G23: 741.5008
A24: CosmicChem | B24: 11.1817 | C24: 15.1816 | D24: 9.6165 | E24: 586.3808 | F24: 752.9448 | G24: 438.7639
A25: Cosmopolitan Italy | C25: 0.1202 | F25: 2.4086
A26: CottonUnion | B26: 212.4264 | C26: 118.9335 | D26: 32.277 | E26: 11963.104 | F26: 6284.8912 | G26: 1340.7377
A27: Creativa Worldwide | C27: 13.192 | D27: 52.8111 | F27: 565.5391 | G27: 2091.2261
A28: CrescentTextile SAN | D28: 0.098 | G28: 3.3592
A29: CultureSana | B29: 3.1665 | C29: 2.1887 | D29: 0.463 | E29: 65.2032 | F29: 50.3704 | G29: 10.1665
A30: Daisy Cotton Cosmetics | B30: 0.3602 | C30: 0.0521 | D30: 0.0094 | E30: 19.0651 | F30: 2.6206 | G30: 0.48
A31: EnkaHygiene | B31: 8.9794 | E31: 618.4688
A32: ErusHealth Products | B32: 28.1013 | C32: 242.1946 | D32: 67.6063 | E32: 1283.3092 | F32: 13602.249 | G32: 3938.0098
A33: Esburg Health | C33: 170.665 | D33: 101.533 | F33: 10947.356 | G33: 5713.8588
A34: EssentialsCo | B34: 8.6899 | C34: 1.198 | D34: 0.1404 | E34: 161.0712 | F34: 29.0835 | G34: 1.4402
A35: EuroPack Communications SRL | B35: 60.8991 | C35: 35.9796 | D35: 13.2828 | E35: 1646.9927 | F35: 1006.4904 | G35: 408.4543
A36: EveCraft | B36: 15.6526 | C36: 38.2643 | D36: 12.5625 | E36: 709.8645 | F36: 1422.4409 | G36: 440.1789
A37: FabreStone | B37: 1.4567 | C37: 0.9711 | D37: 0.4412 | E37: 8.1129 | F37: 4.8049 | G37: 2.4375
A38: FemmeBeauty | B38: 9.2643 | C38: 0.1729 | D38: 0.003 | E38: 358.9599 | F38: 4.9572 | G38: 0.072
A39: FoodTNCR | B39: 2.0786 | C39: 0.0712 | E39: 104.0465 | F39: 3.8216
A40: Fragrantium S.A. | B40: 0.0445 | C40: 0.062 | E40: 0.3676 | F40: 0.4838
A41: Fulya Beauty | B41: 1012.923 | C41: 822.9812 | D41: 367.9878 | E41: 57405.587 | F41: 44546.772 | G41: 18766.233
A42: Giga S.A. | B42: 336.5157 | C42: 318.6227 | D42: 125.7655 | E42: 10226.771 | F42: 9928.9133 | G42: 3640.5187
A43: GlobalMap | B43: 23.7456 | C43: 29.3565 | D43: 11.9067 | E43: 713.0412 | F43: 960.0575 | G43: 372.1223
A44: Grace Corp | B44: 14.2293 | C44: 21.789 | D44: 7.9466 | E44: 761.6143 | F44: 1129.7994 | G44: 412.2435
A45: GreenIlgaz Group | B45: 1.8397 | C45: 4.3616 | E45: 115.4976 | F45: 300.4659
A46: HappyBeauty A.S. | B46: 5.2523 | E46: 269.2595
A47: IdealGroup | D47: 0.0021 | G47: 0.1771
A48: InsideGlobal | B48: 0.0663 | C48: 0.1296 | D48: 0.0715 | E48: 0.504 | F48: 0.9154 | G48: 0.5246
A49: Intelligent Initiative | B49: 511.7809 | C49: 507.3046 | D49: 295.7135 | E49: 23199.702 | F49: 21680.539 | G49: 11434.484
A50: JellyHealth | C50: 0.4487 | D50: 0.1853 | F50: 7.1883 | G50: 2.9676
A51: KalesCo | C51: 10.2052 | D51: 14.4321 | F51: 569.2527 | G51: 716.4248
A52: Kimberly Stone | B52: 168.5793 | C52: 187.8254 | D52: 100.9209 | E52: 4051.7897 | F52: 4420.8852 | G52: 2421.1073
A53: LabExpand | B53: 20.5806 | C53: 16.8859 | D53: 8.2625 | E53: 116.0481 | F53: 107.194 | G53: 44.3471
A54: LansinLab Inc | B54: 0.007 | E54: 0.08
A55: Lara Beauty | B55: 394.6837 | C55: 409.4967 | D55: 321.2635 | E55: 18974.913 | F55: 19732.122 | G55: 15809.17
A56: LeaderHealthFood | B56: 0.1723 | C56: 0.6331 | D56: 0.1567 | E56: 7.7868 | F56: 27.7055 | G56: 6.845
A57: LifeChem | B57: 332.0166 | C57: 406.0936 | D57: 185.5048 | E57: 9811.9589 | F57: 12002.149 | G57: 5143.8027
A58: LovelyCo | B58: 466.3151 | C58: 321.9938 | D58: 119.9309 | E58: 27928.057 | F58: 19049.502 | G58: 6464.4499
A59: MontraWorld | C59: 6.2138 | D59: 0.0877 | F59: 384.835 | G59: 5.7409
A60: Moratex Group / Tobi MegaGroup LTD | B60: 62.7234 | C60: 72.7708 | D60: 17.9863 | E60: 4142.5167 | F60: 3738.1194 | G60: 966.622
A61: MoreBeauty | B61: 27.205 | C61: 84.9623 | D61: 67.9349 | E61: 1705.1169 | F61: 4625.188 | G61: 3467.3734
A62: MountainMedicine | B62: 4.01 | C62: 6.6558 | E62: 83.552 | F62: 115.5257
A63: NaturalCo AB | B63: 0.3131 | C63: 0.0403 | E63: 2.352 | F63: 0.304
A64: Nova Garbagnate | B64: 1.935 | C64: 0.624 | E64: 24.8229 | F64: 9.4086
A65: Nur Food Industry | B65: 8.7314 | C65: 3.2121 | E65: 524.3274 | F65: 172.9469
A66: O-Package S.R.L. | B66: 0.1581 | C66: 0.002 | D66: 0.001 | E66: 2.1 | F66: 0.02 | G66: 0.02
A67: OliveTree S.A. | B67: 6.1033 | C67: 0.0823 | E67: 422.2549 | F67: 3.4649
A68: OnTop | B68: 0.006 | C68: 0.3544 | E68: 0.3384 | F68: 16.5417
A69: PakChem | C69: 0.7935 | D69: 0.7298 | F69: 47.2688 | G69: 43.6027
A70: PhoenixMedicine DOO | B70: 2.1507 | C70: 0.1563 | D70: 0.0581 | E70: 55.8498 | F70: 3.103 | G70: 1.1613
A71: PreDone | D71: 0.624 | G71: 34.0357
A72: PrimeBrands Marketing B.V. | B72: 0.1355 | E72: 3.2519
A73: Proctor & Wager | B73: 1818.5406 | C73: 2101.7048 | D73: 1233.5608 | E73: 45983.129 | F73: 53803.278 | G73: 29897.358
A74: ProStart 97 | B74: 192.723 | C74: 183.2434 | D74: 97.2096 | E74: 7900.9691 | F74: 6838.8454 | G74: 3264.5806
A75: PuigPeak | B75: 12.3007 | C75: 12.5441 | D75: 8.665 | E75: 127.5915 | F75: 142.6704 | G75: 110.3914
A76: PureAim Cleaners | B76: 0.2236 | C76: 1.0136 | D76: 1.0572 | E76: 12.2155 | F76: 49.1516 | G76: 44.7174
A77: Pyramid72 DOO | B77: 26.6064 | C77: 12.7163 | D77: 6.1869 | E77: 773.9784 | F77: 348.9755 | G77: 165.1816
A78: Quake S.P.A. | B78: 0.1458 | C78: 0.2995 | D78: 0.0504 | E78: 2.8886 | F78: 6.5743 | G78: 1.1331
A79: QueenStand Investment | D79: 3.1633 | G79: 171.7168
A80: QueenTrade LTD | B80: 78.6129 | C80: 83.7331 | D80: 33.0609 | E80: 5148.8364 | F80: 5284.2041 | G80: 2040.6587
A81: RoseBeauty | B81: 77.6523 | C81: 36.3662 | D81: 17.4221 | E81: 3136.2814 | F81: 1512.1393 | G81: 684.8154
A82: SanHealth LTD | B82: 2.9096 | C82: 6.0198 | D82: 5.5109 | E82: 55.3665 | F82: 108.4705 | G82: 98.7101
A83: SaproClean | D83: 0.0092 | G83: 0.3032
A84: SCProducts | B84: 0.2401 | E84: 10.8056
A85: SebaMedicines | B85: 0.9735 | C85: 1.3668 | D85: 0.2562 | E85: 4.928 | F85: 7.3565 | G85: 1.428
A86: SepaTextiles | B86: 632.962 | C86: 529.4108 | D86: 262.1373 | E86: 36136.764 | F86: 28913.012 | G86: 13646.294
A87: SeptOn SA | B87: 154.9345 | C87: 154.9824 | D87: 45.5142 | E87: 4738.4237 | F87: 5792.3321 | G87: 1599.6686
A88: SigmaKappaZeta Co. | B88: 26.3474 | C88: 72.5918 | D88: 62.0074 | E88: 920.468 | F88: 3084.2015 | G88: 2719.9431
A89: SignalTrade | B89: 18.5112 | C89: 14.1861 | D89: 5.5844 | E89: 978.4942 | F89: 734.4263 | G89: 305.1707
A90: Snowball Cologne | B90: 41.4519 | C90: 23.8497 | D90: 14.7915 | E90: 1547.705 | F90: 1096.4468 | G90: 817.3031
A91: SouthernGroup SP | B91: 7.4867 | C91: 0.0151 | E91: 509.1815 | F91: 0.7759
A92: Swift GMBH | B92: 113.4866 | C92: 49.0463 | D92: 12.3329 | E92: 2663.5763 | F92: 1050.6375 | G92: 244.387
A93: TahaChem Cosmetics | B93: 34.9243 | C93: 13.6989 | D93: 2.1794 | E93: 2361.752 | F93: 920.3657 | G93: 151.6503
A94: TextileSan | D94: 1.9407 | G94: 110.1146
A95: Thomson & Thomson | B95: 34.4059 | C95: 2.0083 | D95: 0.0595 | E95: 1027.0906 | F95: 44.6666 | G95: 0.5166
A96: TradeKing Cengiz | C96: 0.0379 | D96: 0.0693 | F96: 2.3294 | G96: 4.267
A97: TroyBeauty Trade | C97: 0.0599 | D97: 22.3199 | F97: 3.96 | G97: 1362.7346
A98: Unac Beauty Makers SAN. | B98: 25.8391 | C98: 9.0121 | D98: 10.0204 | E98: 1539.4739 | F98: 509.4567 | G98: 585.5223
A99: UniHandle | B99: 19.4956 | C99: 39.7615 | D99: 26.2695 | E99: 286.0497 | F99: 652.1088 | G99: 499.8379
A100: VigaLife | B100: 3341.5013 | C100: 3428.0433 | D100: 1852.1966 | E100: 125970.25 | F100: 127615.61 | G100: 64977.618
A101: Voyage Turkey | B101: 131.4905 | C101: 246.0711 | D101: 78.1818 | E101: 7528.2014 | F101: 14073.58 | G101: 4344.6674
A102: Grand Total | B102: 11880.159 | C102: 12264.847 | D102: 6590.0513 | E102: 470247.93 | F102: 475047.06 | G102: 239949.4

Sheet Report
B1: Report
M3: YOY Growth 2022-2023%
B4: in 000s | C4: 2022 Value | D4: 2022 Volume | E4: Average price | F4: 2023 Value | G4: 2023 Volume | H4: Average price | I4: YTD 24 Value | J4: YTD 24 Volume | K4: Average price | M4: Value | N4: Volume | O4: Average price
B5: Nova Garbagnate | C5: =IFERROR(GETPIVOTDATA("Sum of "&C$4,Pivot!$A$3,"Manufacturer",$B5),0) -> 1.935 | D5: =IFERROR(GETPIVOTDATA("Sum of "&D$4,Pivot!$A$3,"Manufacturer",$B5),0) -> 24.8229 | E5: =IFERROR(C5/D5*1000,"n.a.") -> 77.952213 | F5: =IFERROR(GETPIVOTDATA("Sum of "&F$4,Pivot!$A$3,"Manufacturer",$B5),0) -> 0.624 | G5: =IFERROR(GETPIVOTDATA("Sum of "&G$4,Pivot!$A$3,"Manufacturer",$B5),0) -> 9.4086 | H5: =IFERROR(F5/G5*1000,"n.a.") -> 66.322301 | I5: =IFERROR(GETPIVOTDATA("Sum of "&I$4,Pivot!$A$3,"Manufacturer",$B5),0) -> 0 | J5: =IFERROR(GETPIVOTDATA("Sum of "&J$4,Pivot!$A$3,"Manufacturer",$B5),0) -> 0 | K5: =IFERROR(I5/J5*1000,"n.a.") -> n.a. | M5: =IFERROR(F5/C5-1,"n.a.") -> -0.67751938 | N5: =IFERROR(G5/D5-1,"n.a.") -> -0.62097096 | O5: =IFERROR(H5/E5-1,"n.a.") -> -0.14919285
B6: BeneCare | C6: =IFERROR(GETPIVOTDATA("Sum of "&C$4,Pivot!$A$3,"Manufacturer",$B6),0) -> 0.0109 | D6: =IFERROR(GETPIVOTDATA("Sum of "&D$4,Pivot!$A$3,"Manufacturer",$B6),0) -> 0.16 | E6: =IFERROR(C6/D6*1000,"n.a.") -> 68.125 | F6: =IFERROR(GETPIVOTDATA("Sum of "&F$4,Pivot!$A$3,"Manufacturer",$B6),0) -> 0 | G6: =IFERROR(GETPIVOTDATA("Sum of "&G$4,Pivot!$A$3,"Manufacturer",$B6),0) -> 0 | H6: =IFERROR(F6/G6*1000,"n.a.") -> n.a. | I6: =IFERROR(GETPIVOTDATA("Sum of "&I$4,Pivot!$A$3,"Manufacturer",$B6),0) -> 0 | J6: =IFERROR(GETPIVOTDATA("Sum of "&J$4,Pivot!$A$3,"Manufacturer",$B6),0) -> 0 | K6: =IFERROR(I6/J6*1000,"n.a.") -> n.a. | M6: =IFERROR(F6/C6-1,"n.a.") -> -1 | N6: =IFERROR(G6/D6-1,"n.a.") -> -1 | O6: =IFERROR(H6/E6-1,"n.a.") -> n.a.
B7: VigaLife | C7: =IFERROR(GETPIVOTDATA("Sum of "&C$4,Pivot!$A$3,"Manufacturer",$B7),0) -> 3341.5013 | D7: =IFERROR(GETPIVOTDATA("Sum of "&D$4,Pivot!$A$3,"Manufacturer",$B7),0) -> 125970.25 | E7: =IFERROR(C7/D7*1000,"n.a.") -> 26.526115 | F7: =IFERROR(GETPIVOTDATA("Sum of "&F$4,Pivot!$A$3,"Manufacturer",$B7),0) -> 3428.0433 | G7: =IFERROR(GETPIVOTDATA("Sum of "&G$4,Pivot!$A$3,"Manufacturer",$B7),0) -> 127615.61 | H7: =IFERROR(F7/G7*1000,"n.a.") -> 26.862256 | I7: =IFERROR(GETPIVOTDATA("Sum of "&I$4,Pivot!$A$3,"Manufacturer",$B7),0) -> 1852.1966 | J7: =IFERROR(GETPIVOTDATA("Sum of "&J$4,Pivot!$A$3,"Manufacturer",$B7),0) -> 64977.618 | K7: =IFERROR(I7/J7*1000,"n.a.") -> 28.505148 | M7: =IFERROR(F7/C7-1,"n.a.") -> 0.025899137 | N7: =IFERROR(G7/D7-1,"n.a.") -> 0.013061531 | O7: =IFERROR(H7/E7-1,"n.a.") -> 0.012672089
B8: Intelligent Initiative | C8: =IFERROR(GETPIVOTDATA("Sum of "&C$4,Pivot!$A$3,"Manufacturer",$B8),0) -> 511.7809 | D8: =IFERROR(GETPIVOTDATA("Sum of "&D$4,Pivot!$A$3,"Manufacturer",$B8),0) -> 23199.702 | E8: =IFERROR(C8/D8*1000,"n.a.") -> 22.059805 | F8: =IFERROR(GETPIVOTDATA("Sum of "&F$4,Pivot!$A$3,"Manufacturer",$B8),0) -> 507.3046 | G8: =IFERROR(GETPIVOTDATA("Sum of "&G$4,Pivot!$A$3,"Manufacturer",$B8),0) -> 21680.539 | H8: =IFERROR(F8/G8*1000,"n.a.") -> 23.399077 | I8: =IFERROR(GETPIVOTDATA("Sum of "&I$4,Pivot!$A$3,"Manufacturer",$B8),0) -> 295.7135 | J8: =IFERROR(GETPIVOTDATA("Sum of "&J$4,Pivot!$A$3,"Manufacturer",$B8),0) -> 11434.484 | K8: =IFERROR(I8/J8*1000,"n.a.") -> 25.861552 | M8: =IFERROR(F8/C8-1,"n.a.") -> -0.0087465163 | N8: =IFERROR(G8/D8-1,"n.a.") -> -0.065482017 | O8: =IFERROR(H8/E8-1,"n.a.") -> 0.060710978
B9: BroadLeaf Group | C9: =IFERROR(GETPIVOTDATA("Sum of "&C$4,Pivot!$A$3,"Manufacturer",$B9),0) -> 0 | D9: =IFERROR(GETPIVOTDATA("Sum of "&D$4,Pivot!$A$3,"Manufacturer",$B9),0) -> 0 | E9: =IFERROR(C9/D9*1000,"n.a.") -> n.a. | F9: =IFERROR(GETPIVOTDATA("Sum of "&F$4,Pivot!$A$3,"Manufacturer",$B9),0) -> 4.4635 | G9: =IFERROR(GETPIVOTDATA("Sum of "&G$4,Pivot!$A$3,"Manufacturer",$B9),0) -> 231.3342 | H9: =IFERROR(F9/G9*1000,"n.a.") -> 19.294596 | I9: =IFERROR(GETPIVOTDATA("Sum of "&I$4,Pivot!$A$3,"Manufacturer",$B9),0) -> 5.901 | J9: =IFERROR(GETPIVOTDATA("Sum of "&J$4,Pivot!$A$3,"Manufacturer",$B9),0) -> 348.1982 | K9: =IFERROR(I9/J9*1000,"n.a.") -> 16.947244 | M9: =IFERROR(F9/C9-1,"n.a.") -> n.a. | N9: =IFERROR(G9/D9-1,"n.a.") -> n.a. | O9: =IFERROR(H9/E9-1,"n.a.") -> n.a.
B10: ArborChemistry | C10: =IFERROR(GETPIVOTDATA("Sum of "&C$4,Pivot!$A$3,"Manufacturer",$B10),0) -> 0.7052 | D10: =IFERROR(GETPIVOTDATA("Sum of "&D$4,Pivot!$A$3,"Manufacturer",$B10),0) -> 47.3253 | E10: =IFERROR(C10/D10*1000,"n.a.") -> 14.901121 | F10: =IFERROR(GETPIVOTDATA("Sum of "&F$4,Pivot!$A$3,"Manufacturer",$B10),0) -> 0 | G10: =IFERROR(GETPIVOTDATA("Sum of "&G$4,Pivot!$A$3,"Manufacturer",$B10),0) -> 0 | H10: =IFERROR(F10/G10*1000,"n.a.") -> n.a. | I10: =IFERROR(GETPIVOTDATA("Sum of "&I$4,Pivot!$A$3,"Manufacturer",$B10),0) -> 0 | J10: =IFERROR(GETPIVOTDATA("Sum of "&J$4,Pivot!$A$3,"Manufacturer",$B10),0) -> 0 | K10: =IFERROR(I10/J10*1000,"n.a.") -> n.a. | M10: =IFERROR(F10/C10-1,"n.a.") -> -1 | N10: =IFERROR(G10/D10-1,"n.a.") -> -1 | O10: =IFERROR(H10/E10-1,"n.a.") -> n.a.
B11: ArkPapers | C11: =IFERROR(GETPIVOTDATA("Sum of "&C$4,Pivot!$A$3,"Manufacturer",$B11),0) -> 104.6661 | D11: =IFERROR(GETPIVOTDATA("Sum of "&D$4,Pivot!$A$3,"Manufacturer",$B11),0) -> 5728.6424 | E11: =IFERROR(C11/D11*1000,"n.a.") -> 18.270664 | F11: =IFERROR(GETPIVOTDATA("Sum of "&F$4,Pivot!$A$3,"Manufacturer",$B11),0) -> 94.425 | G11: =IFERROR(GETPIVOTDATA("Sum of "&G$4,Pivot!$A$3,"Manufacturer",$B11),0) -> 5002.3732 | H11: =IFERROR(F11/G11*1000,"n.a.") -> 18.876041 | I11: =IFERROR(GETPIVOTDATA("Sum of "&I$4,Pivot!$A$3,"Manufacturer",$B11),0) -> 45.9484 | J11: =IFERROR(GETPIVOTDATA("Sum of "&J$4,Pivot!$A$3,"Manufacturer",$B11),0) -> 2228.9191 | K11: =IFERROR(I11/J11*1000,"n.a.") -> 20.614656 | M11: =IFERROR(F11/C11-1,"n.a.") -> -0.097845434 | N11: =IFERROR(G11/D11-1,"n.a.") -> -0.12677859 | O11: =IFERROR(H11/E11-1,"n.a.") -> 0.033133813
B12: Arkana PaperCraft | C12: =IFERROR(GETPIVOTDATA("Sum of "&C$4,Pivot!$A$3,"Manufacturer",$B12),0) -> 1.5393 | D12: =IFERROR(GETPIVOTDATA("Sum of "&D$4,Pivot!$A$3,"Manufacturer",$B12),0) -> 71.3574 | E12: =IFERROR(C12/D12*1000,"n.a.") -> 21.571694 | F12: =IFERROR(GETPIVOTDATA("Sum of "&F$4,Pivot!$A$3,"Manufacturer",$B12),0) -> 2.0579 | G12: =IFERROR(GETPIVOTDATA("Sum of "&G$4,Pivot!$A$3,"Manufacturer",$B12),0) -> 96.8431 | H12: =IFERROR(F12/G12*1000,"n.a.") -> 21.249836 | I12: =IFERROR(GETPIVOTDATA("Sum of "&I$4,Pivot!$A$3,"Manufacturer",$B12),0) -> 0.6821 | J12: =IFERROR(GETPIVOTDATA("Sum of "&J$4,Pivot!$A$3,"Manufacturer",$B12),0) -> 27.711 | K12: =IFERROR(I12/J12*1000,"n.a.") -> 24.614774 | M12: =IFERROR(F12/C12-1,"n.a.") -> 0.33690639 | N12: =IFERROR(G12/D12-1,"n.a.") -> 0.35715567 | O12: =IFERROR(H12/E12-1,"n.a.") -> -0.014920384
B13: Fragrantium S.A. | C13: =IFERROR(GETPIVOTDATA("Sum of "&C$4,Pivot!$A$3,"Manufacturer",$B13),0) -> 0.0445 | D13: =IFERROR(GETPIVOTDATA("Sum of "&D$4,Pivot!$A$3,"Manufacturer",$B13),0) -> 0.3676 | E13: =IFERROR(C13/D13*1000,"n.a.") -> 121.0555 | F13: =IFERROR(GETPIVOTDATA("Sum of "&F$4,Pivot!$A$3,"Manufacturer",$B13),0) -> 0.062 | G13: =IFERROR(GETPIVOTDATA("Sum of "&G$4,Pivot!$A$3,"Manufacturer",$B13),0) -> 0.4838 | H13: =IFERROR(F13/G13*1000,"n.a.") -> 128.15213 | I13: =IFERROR(GETPIVOTDATA("Sum of "&I$4,Pivot!$A$3,"Manufacturer",$B13),0) -> 0 | J13: =IFERROR(GETPIVOTDATA("Sum of "&J$4,Pivot!$A$3,"Manufacturer",$B13),0) -> 0 | K13: =IFERROR(I13/J13*1000,"n.a.") -> n.a. | M13: =IFERROR(F13/C13-1,"n.a.") -> 0.39325843 | N13: =IFERROR(G13/D13-1,"n.a.") -> 0.31610446 | O13: =IFERROR(H13/E13-1,"n.a.") -> 0.05862298
B14: ArsenicChem | C14: =IFERROR(GETPIVOTDATA("Sum of "&C$4,Pivot!$A$3,"Manufacturer",$B14),0) -> 11.9632 | D14: =IFERROR(GETPIVOTDATA("Sum of "&D$4,Pivot!$A$3,"Manufacturer",$B14),0) -> 603.2765 | E14: =IFERROR(C14/D14*1000,"n.a.") -> 19.830376 | F14: =IFERROR(GETPIVOTDATA("Sum of "&F$4,Pivot!$A$3,"Manufacturer",$B14),0) -> 18.1364 | G14: =IFERROR(GETPIVOTDATA("Sum of "&G$4,Pivot!$A$3,"Manufacturer",$B14),0) -> 937.4516 | H14: =IFERROR(F14/G14*1000,"n.a.") -> 19.346492 | I14: =IFERROR(GETPIVOTDATA("Sum of "&I$4,Pivot!$A$3,"Manufacturer",$B14),0) -> 9.0269 | J14: =IFERROR(GETPIVOTDATA("Sum of "&J$4,Pivot!$A$3,"Manufacturer",$B14),0) -> 454.7745 | K14: =IFERROR(I14/J14*1000,"n.a.") -> 19.849178 | M14: =IFERROR(F14/C14-1,"n.a.") -> 0.51601578 | N14: =IFERROR(G14/D14-1,"n.a.") -> 0.55393356 | O14: =IFERROR(H14/E14-1,"n.a.") -> -0.024401159
B15: Creativa Worldwide | C15: =IFERROR(GETPIVOTDATA("Sum of "&C$4,Pivot!$A$3,"Manufacturer",$B15),0) -> 0 | D15: =IFERROR(GETPIVOTDATA("Sum of "&D$4,Pivot!$A$3,"Manufacturer",$B15),0) -> 0 | E15: =IFERROR(C15/D15*1000,"n.a.") -> n.a. | F15: =IFERROR(GETPIVOTDATA("Sum of "&F$4,Pivot!$A$3,"Manufacturer",$B15),0) -> 13.192 | G15: =IFERROR(GETPIVOTDATA("Sum of "&G$4,Pivot!$A$3,"Manufacturer",$B15),0) -> 565.5391 | H15: =IFERROR(F15/G15*1000,"n.a.") -> 23.326415 | I15: =IFERROR(GETPIVOTDATA("Sum of "&I$4,Pivot!$A$3,"Manufacturer",$B15),0) -> 52.8111 | J15: =IFERROR(GETPIVOTDATA("Sum of "&J$4,Pivot!$A$3,"Manufacturer",$B15),0) -> 2091.2261 | K15: =IFERROR(I15/J15*1000,"n.a.") -> 25.253654 | M15: =IFERROR(F15/C15-1,"n.a.") -> n.a. | N15: =IFERROR(G15/D15-1,"n.a.") -> n.a. | O15: =IFERROR(H15/E15-1,"n.a.") -> n.a.
B16: CultureSana | C16: =IFERROR(GETPIVOTDATA("Sum of "&C$4,Pivot!$A$3,"Manufacturer",$B16),0) -> 3.1665 | D16: =IFERROR(GETPIVOTDATA("Sum of "&D$4,Pivot!$A$3,"Manufacturer",$B16),0) -> 65.2032 | E16: =IFERROR(C16/D16*1000,"n.a.") -> 48.563567 | F16: =IFERROR(GETPIVOTDATA("Sum of "&F$4,Pivot!$A$3,"Manufacturer",$B16),0) -> 2.1887 | G16: =IFERROR(GETPIVOTDATA("Sum of "&G$4,Pivot!$A$3,"Manufacturer",$B16),0) -> 50.3704 | H16: =IFERROR(F16/G16*1000,"n.a.") -> 43.452107 | I16: =IFERROR(GETPIVOTDATA("Sum of "&I$4,Pivot!$A$3,"Manufacturer",$B16),0) -> 0.463 | J16: =IFERROR(GETPIVOTDATA("Sum of "&J$4,Pivot!$A$3,"Manufacturer",$B16),0) -> 10.1665 | K16: =IFERROR(I16/J16*1000,"n.a.") -> 45.54173 | M16: =IFERROR(F16/C16-1,"n.a.") -> -0.3087952 | N16: =IFERROR(G16/D16-1,"n.a.") -> -0.22748577 | O16: =IFERROR(H16/E16-1,"n.a.") -> -0.10525299
... B102: GreenIlgaz Group | C102: =IFERROR(GETPIVOTDATA("Sum of "&C$4,Pivot!$A$3,"Manufacturer",$B102),0) -> 1.8397 | D102: =IFERROR(GETPIVOTDATA("Sum of "&D$4,Pivot!$A$3,"Manufacturer",$B102),0) -> 115.4976 | E102: =IFERROR(C102/D102*1000,"n.a.") -> 15.92847 | F102: =IFERROR(GETPIVOTDATA("Sum of "&F$4,Pivot!$A$3,"Manufacturer",$B102),0) -> 4.3616 | G102: =IFERROR(GETPIVOTDATA("Sum of "&G$4,Pivot!$A$3,"Manufacturer",$B102),0) -> 300.4659 | H102: =IFERROR(F102/G102*1000,"n.a.") -> 14.516123 | I102: =IFERROR(GETPIVOTDATA("Sum of "&I$4,Pivot!$A$3,"Manufacturer",$B102),0) -> 0 | J102: =IFERROR(GETPIVOTDATA("Sum of "&J$4,Pivot!$A$3,"Manufacturer",$B102),0) -> 0 | K102: =IFERROR(I102/J102*1000,"n.a.") -> n.a. | M102: =IFERROR(F102/C102-1,"n.a.") -> 1.3708213 | N102: =IFERROR(G102/D102-1,"n.a.") -> 1.6014904 | O102: =IFERROR(H102/E102-1,"n.a.") -> -0.088668053
B103: Total | C103: =SUM(C5:C102) -> 11880.159 | D103: =SUM(D5:D102) -> 470247.93 | E103: =IFERROR(C103/D103*1000,"n.a.") -> 25.263607 | F103: =SUM(F5:F102) -> 12264.847 | G103: =SUM(G5:G102) -> 475047.06 | H103: =IFERROR(F103/G103*1000,"n.a.") -> 25.818173 | I103: =SUM(I5:I102) -> 6590.0513 | J103: =SUM(J5:J102) -> 239949.4 | K103: =IFERROR(I103/J103*1000,"n.a.") -> 27.464338 | M103: =IFERROR(F103/C103-1,"n.a.") -> 0.032380754 | N103: =IFERROR(G103/D103-1,"n.a.") -> 0.010205541 | O103: =IFERROR(H103/E103-1,"n.a.") -> 0.021951189
